,ticket_id,created_at,resolved_at,agent,priority,num_interactions,IssueCat,channel,status,agent_feedback
0,TCK0701000,2025-07-01 00:13,,Sneha,Medium,7,Payment Failure,Chat,Open,
1,TCK0701001,2025-07-01 01:24,2025-07-01 02:47,Kavya,Medum,8,Account Locked,Web Form,Resolved,
2,TCK0701002,2025-07-01 01:49,2025-07-01 19:25,Rohit,Lw,3,Bug Report,Web Form,Resolved,
3,TCK0701003,2025-07-01 02:29,2025-07-02 02:08,Sneha,Low,-999999,Payment Failure,Phone,Resolved,
4,TCK0701004,2025-07-01 03:03,2025-07-02 11:00,Ananya,Hgh,5,Bug Report,Chat,Resolved,
5,TCK0701005,2025-07-01 03:07,2025-07-02 00:35,Arjun,High,1,Bug Report,Email,Resolved,
6,TCK0701006,2025-07-01 03:20,2025-07-01 16:41,Kavya,Low,6,Payment Failure,Email,Resolved,
7,TCK0701007,2025-07-01 04:16,2025-07-02 12:47,Arjun,High,2,Payment Failure,Web Form,Resolved,
9,TCK0701008,2025-07-01 05:09,2025-07-02 14:30,Arjun,High,-999999,Account Locked,Web Form,Resolved,
10,TCK0701009,2025-07-01 05:10,2025-07-02 06:54,Rohit,Medium,-999999,Payment Failure,Chat,Resolved,
11,TCK0701010,2025-07-01 05:35,2025-07-02 02:42,Kavya,Low,6,Payment Failure,Email,Resolved,
12,TCK0701011,2025-07-01 05:56,2025-07-01 06:52,Kavya,Medium,2,Feature Request,Email,Resolved,
13,TCK0701012,2025-07-01 06:01,2025-07-02 05:51,Rohit,Medium,3,Login Issue,Web Form,Resolved,
14,TCK0701013,2025-07-01 06:57,2025-07-02 04:55,Rohit,Medium,1,Account Locked,Email,Resolved,
15,TCK0701014,2025-07-01 07:16,,Rohit,High,5,Payment Failure,Chat,Open,
16,TCK0701015,2025-07-01 07:26,,Ananya,Medium,6,Payment Failure,Web Form,Open,
17,TCK0701016,2025-07-01 07:38,2025-07-02 06:02,Ananya,Low,-999999,Account Locked,Web Form,Resolved,
18,TCK0701017,2025-07-01 07:50,2025-07-02 03:20,Kavya,Lw,4,Login Issue,Chat,Resolved,
19,TCK0701018,2025-07-01 07:53,2025-07-02 12:07,Arjun,Lw,4,Bug Report,Phone,Resolved,
20,TCK0701019,2025-07-01 08:12,2025-07-02 04:38,Sneha,Medium,-999999,Feature Request,Phone,Resolved,
21,TCK0701020,2025-07-01 08:25,2025-07-01 11:41,Rohit,Medium,7,Account Locked,Web Form,Resolved,
22,TCK0701021,2025-07-01 08:53,,Sneha,Medium,1,Bug Report,Phone,Open,
23,TCK0701022,2025-07-01 09:48,2025-07-02 04:21,Kavya,Low,8,Login Issue,Phone,Resolved,
24,TCK0701023,2025-07-01 09:58,2025-07-01 22:32,Arjun,Medium,1,Bug Report,Web Form,Resolved,
25,TCK0701024,2025-07-01 10:16,2025-07-02 04:47,Arjun,Medum,-999999,Login Issue,Email,Resolved,
26,TCK0701025,2025-07-01 10:23,2025-07-02 11:25,Rohit,High,1,Payment Failure,Chat,Resolved,
27,TCK0701026,2025-07-01 10:25,,Sneha,Medium,4,Feature Request,Web Form,Open,
28,TCK0701027,2025-07-01 10:28,2025-07-02 17:21,Rohit,Medium,2,Feature Request,Phone,Resolved,
30,TCK0701028,2025-07-01 11:09,2025-07-01 23:19,Arjun,High,5,Payment Failure,Chat,Resolved,
32,TCK0701029,2025-07-01 11:10,2025-07-02 22:37,Ananya,Lw,7,Bug Report,Chat,Resolved,
33,TCK0702000,2025-07-02 00:01,2025-07-02 02:50,Kavya,Low,8,Bug Report,Chat,Resolved,
34,TCK0702001,2025-07-02 00:07,2025-07-02 07:50,Ananya,Medium,8,Feature Request,Phone,Resolved,
35,TCK0702002,2025-07-02 00:16,,Arjun,Medium,1,Login Issue,Web Form,Open,
36,TCK0702003,2025-07-02 00:43,,Ananya,Medium,2,Bug Report,Chat,Open,
37,TCK0702004,2025-07-02 01:36,2025-07-03 05:21,Rohit,Low,6,Payment Failure,Phone,Resolved,
39,TCK0702005,2025-07-02 01:53,2025-07-02 16:50,Kavya,Medium,3,Account Locked,Email,Resolved,
40,TCK0702006,2025-07-02 03:44,2025-07-02 08:57,Kavya,High,1,Feature Request,Phone,Resolved,
41,TCK0702007,2025-07-02 04:09,2025-07-03 00:06,Sneha,Medium,7,Feature Request,Web Form,Resolved,
42,TCK0702008,2025-07-02 04:29,2025-07-02 17:53,Kavya,Medium,7,Login Issue,Email,Resolved,
44,TCK0702009,2025-07-02 05:16,2025-07-03 00:26,Rohit,Medum,6,Login Issue,Web Form,Resolved,
45,TCK0702010,2025-07-02 05:55,2025-07-03 17:54,Rohit,Medum,-999999,Login Issue,Web Form,Resolved,
46,TCK0702011,2025-07-02 06:21,2025-07-02 12:59,Ananya,Medium,3,Account Locked,Web Form,Resolved,
47,TCK0702012,2025-07-02 06:37,2025-07-02 11:02,Kavya,High,7,Account Locked,Phone,Resolved,
48,TCK0702013,2025-07-02 07:07,2025-07-02 09:25,Kavya,Low,3,Bug Report,Email,Resolved,
49,TCK0702014,2025-07-02 07:10,2025-07-03 04:06,Rohit,Medium,-999999,Login Issue,Chat,Resolved,
50,TCK0702015,2025-07-02 07:50,2025-07-02 10:35,Arjun,Medum,4,Login Issue,Phone,Resolved,
51,TCK0702016,2025-07-02 07:56,2025-07-03 14:41,Kavya,Low,1,Bug Report,Phone,Resolved,
52,TCK0702017,2025-07-02 08:26,,Rohit,High,7,Payment Failure,Chat,Open,
53,TCK0702018,2025-07-02 08:27,2025-07-03 16:52,Arjun,Low,8,Payment Failure,Email,Resolved,
54,TCK0702019,2025-07-02 08:44,2025-07-03 15:10,Ananya,High,1,Feature Request,Web Form,Resolved,
55,TCK0702020,2025-07-02 09:02,2025-07-03 01:22,Sneha,Medum,4,Account Locked,Phone,Resolved,
56,TCK0702021,2025-07-02 09:04,2025-07-02 19:58,Sneha,Medum,-999999,Feature Request,Web Form,Resolved,
57,TCK0702022,2025-07-02 09:31,2025-07-03 17:09,Arjun,Low,7,Feature Request,Chat,Resolved,
58,TCK0702023,2025-07-02 09:33,2025-07-02 12:39,Kavya,Medium,4,Feature Request,Phone,Resolved,
59,TCK0702024,2025-07-02 09:38,,Arjun,Medum,-999999,Payment Failure,Email,Open,
60,TCK0702025,2025-07-02 10:12,2025-07-02 19:51,Ananya,High,-999999,Login Issue,Chat,Resolved,
61,TCK0702026,2025-07-02 10:52,2025-07-03 08:37,Sneha,Low,5,Account Locked,Chat,Escalated,
62,TCK0702027,2025-07-02 10:57,2025-07-03 01:13,Arjun,Medium,5,Feature Request,Chat,Resolved,
63,TCK0702028,2025-07-02 11:28,2025-07-03 15:04,Rohit,Lw,3,Feature Request,Phone,Resolved,
64,TCK0703000,2025-07-03 00:25,2025-07-03 01:58,Arjun,Lw,2,Feature Request,Chat,Resolved,
65,TCK0703001,2025-07-03 01:00,2025-07-03 16:32,Sneha,Medium,-999999,Payment Failure,Web Form,Resolved,
66,TCK0703002,2025-07-03 01:19,2025-07-03 12:26,Sneha,Lw,1,Feature Request,Email,Resolved,
67,TCK0703003,2025-07-03 03:00,,Arjun,Medum,2,Feature Request,Web Form,Open,
68,TCK0703004,2025-07-03 03:14,2025-07-03 16:08,Sneha,Medium,6,Login Issue,Chat,Resolved,
70,TCK0703005,2025-07-03 03:57,2025-07-03 17:32,Arjun,Medium,1,Account Locked,Email,Resolved,
71,TCK0703006,2025-07-03 04:39,2025-07-04 07:43,Ananya,High,8,Bug Report,Email,Resolved,
72,TCK0703007,2025-07-03 05:50,2025-07-03 16:29,Sneha,High,2,Payment Failure,Phone,Resolved,
73,TCK0703008,2025-07-03 05:55,2025-07-03 22:53,Ananya,Lw,2,Login Issue,Web Form,Resolved,
74,TCK0703009,2025-07-03 06:19,2025-07-03 17:32,Ananya,Medium,1,Payment Failure,Chat,Resolved,
75,TCK0703010,2025-07-03 06:27,2025-07-03 16:03,Rohit,Low,5,Feature Request,Web Form,Resolved,
76,TCK0703011,2025-07-03 06:30,2025-07-03 11:11,Arjun,Medium,3,Feature Request,Phone,Resolved,
77,TCK0703012,2025-07-03 06:38,2025-07-03 21:16,Ananya,Medum,-999999,Payment Failure,Email,Resolved,
78,TCK0703013,2025-07-03 07:35,2025-07-04 06:49,Rohit,Medium,1,Bug Report,Chat,Resolved,
79,TCK0703014,2025-07-03 07:51,2025-07-04 14:57,Rohit,Medium,5,Payment Failure,Chat,Resolved,
80,TCK0703015,2025-07-03 08:05,2025-07-03 21:18,Kavya,Medium,7,Login Issue,Phone,Resolved,
81,TCK0703016,2025-07-03 09:40,2025-07-04 19:51,Arjun,Low,-999999,Feature Request,Web Form,Resolved,
82,TCK0703017,2025-07-03 10:26,,Kavya,Low,6,Bug Report,Phone,Open,
83,TCK0703018,2025-07-03 10:53,2025-07-04 07:08,Sneha,Medium,-999999,Payment Failure,Phone,Resolved,
85,TCK0703019,2025-07-03 11:05,2025-07-03 17:17,Rohit,Medium,1,Bug Report,Web Form,Resolved,
86,TCK0703020,2025-07-03 11:17,2025-07-04 02:26,Ananya,Medium,5,Feature Request,Email,Resolved,
87,TCK0703021,2025-07-03 11:28,2025-07-03 12:37,Arjun,Medium,1,Bug Report,Phone,Resolved,
88,TCK0703022,2025-07-03 11:38,2025-07-03 19:47,Kavya,Medium,4,Account Locked,Web Form,Resolved,
89,TCK0703023,2025-07-03 11:59,2025-07-04 15:23,Kavya,Medum,6,Feature Request,Email,Resolved,
90,TCK0704000,2025-07-04 00:15,2025-07-04 18:23,Kavya,Medium,3,Bug Report,Chat,Resolved,
92,TCK0704001,2025-07-04 00:27,2025-07-04 06:10,Ananya,Medium,8,Bug Report,Email,Resolved,
93,TCK0704002,2025-07-04 00:30,2025-07-04 07:29,Kavya,Low,1,Login Issue,Email,Resolved,
94,TCK0704003,2025-07-04 00:35,2025-07-04 06:59,Rohit,Lw,3,Account Locked,Email,Resolved,
96,TCK0704004,2025-07-04 01:09,2025-07-04 16:18,Kavya,Lw,-999999,Payment Failure,Chat,Resolved,
97,TCK0704005,2025-07-04 02:37,,Arjun,Low,4,Feature Request,Email,Open,
98,TCK0704006,2025-07-04 02:39,2025-07-05 07:31,Sneha,Lw,8,Payment Failure,Chat,Resolved,
99,TCK0704007,2025-07-04 02:41,2025-07-05 12:39,Kavya,Medium,5,Login Issue,Email,Resolved,
100,TCK0704008,2025-07-04 04:16,2025-07-04 07:02,Ananya,Medium,7,Payment Failure,Phone,Resolved,
101,TCK0704009,2025-07-04 04:50,2025-07-04 09:10,Kavya,Medium,6,Bug Report,Chat,Resolved,
102,TCK0704010,2025-07-04 06:11,2025-07-05 11:18,Sneha,Hgh,7,Feature Request,Chat,Resolved,
103,TCK0704011,2025-07-04 06:16,,Sneha,Low,-999999,Payment Failure,Chat,Open,
104,TCK0704012,2025-07-04 06:44,2025-07-04 20:37,Arjun,Medium,-999999,Bug Report,Web Form,Resolved,
105,TCK0704013,2025-07-04 06:45,2025-07-04 14:56,Kavya,High,-999999,Payment Failure,Email,Resolved,
106,TCK0704014,2025-07-04 07:05,2025-07-05 02:44,Sneha,Medum,6,Login Issue,Email,Resolved,
107,TCK0704015,2025-07-04 07:20,2025-07-04 13:52,Sneha,High,3,Login Issue,Web Form,Resolved,
108,TCK0704016,2025-07-04 07:24,2025-07-04 10:35,Kavya,High,4,Account Locked,Email,Escalated,
109,TCK0704017,2025-07-04 07:48,2025-07-04 13:48,Arjun,High,2,Bug Report,Email,Resolved,
110,TCK0704018,2025-07-04 08:02,2025-07-04 11:24,Arjun,Low,-999999,Login Issue,Chat,Resolved,
111,TCK0704019,2025-07-04 08:40,,Sneha,Low,7,Account Locked,Chat,Open,
112,TCK0704020,2025-07-04 09:08,2025-07-04 14:24,Kavya,Low,1,Payment Failure,Chat,Escalated,
113,TCK0704021,2025-07-04 09:18,2025-07-05 11:28,Sneha,Hgh,1,Login Issue,Chat,Resolved,
114,TCK0704022,2025-07-04 10:34,2025-07-04 12:19,Sneha,High,2,Account Locked,Email,Resolved,
115,TCK0704023,2025-07-04 10:49,,Arjun,Low,7,Feature Request,Phone,Open,
116,TCK0704024,2025-07-04 11:33,2025-07-05 18:30,Rohit,Medium,8,Payment Failure,Email,Resolved,
117,TCK0705000,2025-07-05 01:01,2025-07-05 20:44,Ananya,Medium,6,Bug Report,Chat,Resolved,
118,TCK0705001,2025-07-05 01:31,2025-07-05 23:06,Kavya,Low,8,Login Issue,Phone,Resolved,
119,TCK0705002,2025-07-05 01:53,2025-07-05 17:10,Sneha,Medum,2,Payment Failure,Chat,Resolved,
121,TCK0705003,2025-07-05 03:45,2025-07-06 09:57,Sneha,Medium,6,Feature Request,Phone,Resolved,
122,TCK0705004,2025-07-05 04:24,,Arjun,Medium,2,Account Locked,Email,Open,
123,TCK0705005,2025-07-05 04:54,2025-07-06 08:36,Arjun,High,1,Account Locked,Phone,Resolved,
124,TCK0705006,2025-07-05 05:13,2025-07-06 00:03,Rohit,Medium,-999999,Account Locked,Phone,Resolved,
125,TCK0705007,2025-07-05 05:54,2025-07-05 07:31,Rohit,Hgh,4,Payment Failure,Phone,Resolved,
126,TCK0705008,2025-07-05 06:06,2025-07-05 21:19,Ananya,Medum,-999999,Payment Failure,Chat,Resolved,
127,TCK0705009,2025-07-05 06:22,2025-07-06 10:51,Sneha,Medium,-999999,Feature Request,Chat,Resolved,
128,TCK0705010,2025-07-05 07:14,2025-07-05 15:01,Arjun,Medium,6,Login Issue,Chat,Resolved,
129,TCK0705011,2025-07-05 07:43,2025-07-06 06:07,Kavya,Low,6,Feature Request,Email,Resolved,
130,TCK0705012,2025-07-05 07:44,2025-07-06 01:53,Rohit,Medium,7,Login Issue,Chat,Resolved,
131,TCK0705013,2025-07-05 07:49,,Ananya,High,6,Bug Report,Web Form,Open,
132,TCK0705014,2025-07-05 09:19,2025-07-05 21:20,Ananya,Low,6,Payment Failure,Phone,Resolved,
133,TCK0705015,2025-07-05 10:20,,Ananya,Low,6,Account Locked,Email,Open,
134,TCK0705016,2025-07-05 10:22,2025-07-06 18:19,Arjun,High,4,Feature Request,Phone,Resolved,
135,TCK0705017,2025-07-05 10:34,2025-07-05 17:45,Sneha,High,-999999,Account Locked,Chat,Resolved,
136,TCK0705018,2025-07-05 11:12,2025-07-06 12:11,Kavya,Hgh,2,Feature Request,Email,Resolved,
137,TCK0705019,2025-07-05 11:52,2025-07-05 14:11,Arjun,Medum,5,Payment Failure,Phone,Resolved,
139,TCK0706000,2025-07-06 00:42,2025-07-07 04:12,Kavya,Low,3,Feature Request,Chat,Resolved,
140,TCK0706001,2025-07-06 00:43,2025-07-07 07:35,Rohit,Medium,-999999,Bug Report,Phone,Resolved,
141,TCK0706002,2025-07-06 00:51,2025-07-07 11:27,Ananya,Medium,3,Account Locked,Phone,Resolved,
142,TCK0706003,2025-07-06 00:57,,Arjun,Medium,1,Login Issue,Web Form,Open,
143,TCK0706004,2025-07-06 01:56,,Rohit,Medium,5,Account Locked,Phone,Open,
144,TCK0706005,2025-07-06 02:26,2025-07-06 21:45,Kavya,High,4,Account Locked,Email,Resolved,
145,TCK0706006,2025-07-06 03:45,2025-07-07 07:33,Arjun,Medum,8,Payment Failure,Web Form,Resolved,
146,TCK0706007,2025-07-06 04:05,,Kavya,Hgh,4,Account Locked,Email,Open,
147,TCK0706008,2025-07-06 04:43,2025-07-07 10:44,Ananya,High,-999999,Account Locked,Email,Resolved,
148,TCK0706009,2025-07-06 05:06,2025-07-06 23:32,Ananya,Medium,2,Account Locked,Phone,Resolved,
150,TCK0706010,2025-07-06 05:44,2025-07-06 08:22,Rohit,Medium,1,Account Locked,Email,Resolved,
151,TCK0706011,2025-07-06 07:11,2025-07-06 15:21,Arjun,Lw,8,Payment Failure,Email,Resolved,
152,TCK0706012,2025-07-06 07:22,2025-07-07 18:49,Ananya,High,-999999,Account Locked,Chat,Resolved,
153,TCK0706013,2025-07-06 08:14,2025-07-07 04:31,Ananya,Medium,-999999,Payment Failure,Web Form,Resolved,
154,TCK0706014,2025-07-06 08:15,2025-07-07 14:53,Rohit,Medum,3,Account Locked,Web Form,Resolved,
155,TCK0706015,2025-07-06 08:29,2025-07-07 13:14,Ananya,Medium,2,Feature Request,Email,Resolved,
156,TCK0706016,2025-07-06 08:49,2025-07-07 12:46,Ananya,Medium,6,Login Issue,Phone,Resolved,
157,TCK0706017,2025-07-06 09:08,,Kavya,High,6,Account Locked,Email,Open,
158,TCK0706018,2025-07-06 09:11,2025-07-06 14:20,Arjun,Medium,7,Payment Failure,Chat,Resolved,
159,TCK0706019,2025-07-06 09:21,2025-07-07 17:31,Sneha,Medium,5,Account Locked,Web Form,Resolved,
160,TCK0706020,2025-07-06 10:08,2025-07-07 00:49,Arjun,Medium,6,Login Issue,Phone,Resolved,
162,TCK0706021,2025-07-06 10:18,2025-07-07 13:20,Rohit,Medium,5,Payment Failure,Email,Resolved,
163,TCK0706022,2025-07-06 11:30,2025-07-07 18:58,Kavya,Lw,6,Feature Request,Email,Resolved,
164,TCK0707000,2025-07-07 01:18,2025-07-08 07:16,Rohit,Medum,4,Login Issue,Phone,Resolved,
165,TCK0707001,2025-07-07 01:49,,Arjun,Medium,-999999,Payment Failure,Email,Open,
167,TCK0707002,2025-07-07 01:51,2025-07-07 19:43,Sneha,Lw,8,Payment Failure,Email,Resolved,
168,TCK0707003,2025-07-07 02:40,2025-07-08 08:31,Sneha,High,6,Account Locked,Web Form,Resolved,
169,TCK0707004,2025-07-07 03:12,2025-07-07 20:55,Sneha,High,1,Account Locked,Chat,Resolved,
170,TCK0707005,2025-07-07 03:30,2025-07-08 05:48,Arjun,High,2,Payment Failure,Phone,Resolved,
171,TCK0707006,2025-07-07 03:31,2025-07-07 06:46,Sneha,Medium,1,Feature Request,Phone,Resolved,
172,TCK0707007,2025-07-07 03:47,2025-07-08 08:47,Sneha,Low,7,Account Locked,Phone,Resolved,
173,TCK0707008,2025-07-07 03:58,2025-07-07 12:41,Sneha,Medium,-999999,Payment Failure,Email,Resolved,
175,TCK0707009,2025-07-07 04:21,2025-07-07 23:36,Rohit,Medum,5,Login Issue,Email,Resolved,
176,TCK0707010,2025-07-07 04:58,2025-07-08 01:59,Sneha,High,2,Feature Request,Chat,Escalated,
177,TCK0707011,2025-07-07 05:13,,Arjun,Medium,4,Bug Report,Web Form,Open,
178,TCK0707012,2025-07-07 05:36,2025-07-07 16:47,Kavya,Lw,5,Payment Failure,Web Form,Resolved,
179,TCK0707013,2025-07-07 05:58,2025-07-08 10:48,Kavya,Medium,6,Bug Report,Web Form,Resolved,
180,TCK0707014,2025-07-07 07:13,2025-07-08 16:40,Ananya,Medum,5,Payment Failure,Web Form,Escalated,
181,TCK0707015,2025-07-07 08:06,2025-07-08 08:10,Arjun,Medium,-999999,Account Locked,Chat,Resolved,
182,TCK0707016,2025-07-07 08:20,2025-07-07 10:21,Kavya,High,7,Bug Report,Web Form,Resolved,
183,TCK0707017,2025-07-07 10:07,2025-07-07 18:58,Rohit,Medium,5,Bug Report,Chat,Resolved,
184,TCK0707018,2025-07-07 10:12,2025-07-08 05:10,Sneha,High,-999999,Payment Failure,Email,Resolved,
185,TCK0707019,2025-07-07 10:32,2025-07-07 22:14,Ananya,Medium,2,Payment Failure,Email,Resolved,
186,TCK0707020,2025-07-07 10:41,,Ananya,Medium,8,Account Locked,Phone,Open,
187,TCK0707021,2025-07-07 10:57,2025-07-08 03:57,Arjun,Medium,8,Payment Failure,Chat,Resolved,
188,TCK0708000,2025-07-08 00:02,2025-07-09 02:30,Rohit,Low,4,Account Locked,Web Form,Resolved,
189,TCK0708001,2025-07-08 00:41,2025-07-08 17:24,Kavya,High,8,Account Locked,Web Form,Resolved,
190,TCK0708002,2025-07-08 01:13,2025-07-08 10:59,Rohit,Medium,8,Account Locked,Email,Resolved,
191,TCK0708003,2025-07-08 01:41,,Arjun,Medium,5,Payment Failure,Web Form,Open,
192,TCK0708004,2025-07-08 02:05,2025-07-08 22:01,Ananya,Lw,5,Bug Report,Chat,Resolved,
193,TCK0708005,2025-07-08 02:54,2025-07-08 15:50,Sneha,Low,4,Payment Failure,Web Form,Resolved,
194,TCK0708006,2025-07-08 03:20,,Sneha,Medium,4,Account Locked,Phone,Open,
195,TCK0708007,2025-07-08 03:24,2025-07-08 12:47,Rohit,Medum,4,Feature Request,Phone,Resolved,
196,TCK0708008,2025-07-08 03:40,2025-07-08 10:14,Ananya,Medium,-999999,Login Issue,Web Form,Resolved,
197,TCK0708009,2025-07-08 03:42,2025-07-09 08:02,Arjun,Lw,2,Payment Failure,Email,Resolved,
198,TCK0708010,2025-07-08 04:02,2025-07-08 16:07,Kavya,Medium,-999999,Bug Report,Phone,Escalated,
199,TCK0708011,2025-07-08 04:14,,Kavya,Medium,-999999,Payment Failure,Web Form,Open,
200,TCK0708012,2025-07-08 04:15,2025-07-09 01:39,Arjun,Medum,5,Account Locked,Chat,Resolved,
201,TCK0708013,2025-07-08 04:25,2025-07-09 14:23,Arjun,Medium,1,Feature Request,Chat,Resolved,
202,TCK0708014,2025-07-08 04:40,2025-07-09 02:59,Arjun,High,7,Account Locked,Email,Resolved,
203,TCK0708015,2025-07-08 05:22,2025-07-09 15:57,Arjun,Medium,2,Bug Report,Chat,Resolved,
204,TCK0708016,2025-07-08 06:10,2025-07-08 22:38,Sneha,Lw,-999999,Feature Request,Chat,Resolved,
205,TCK0708017,2025-07-08 06:12,2025-07-08 16:45,Sneha,Medium,8,Login Issue,Web Form,Resolved,
206,TCK0708018,2025-07-08 06:12,2025-07-08 16:58,Sneha,Hgh,6,Account Locked,Chat,Resolved,
207,TCK0708019,2025-07-08 07:05,2025-07-09 10:33,Sneha,Medium,5,Feature Request,Phone,Resolved,
208,TCK0708020,2025-07-08 07:26,2025-07-08 12:57,Ananya,Medium,6,Login Issue,Email,Resolved,
210,TCK0708021,2025-07-08 07:57,2025-07-09 10:29,Ananya,High,4,Payment Failure,Email,Resolved,
211,TCK0708022,2025-07-08 08:15,2025-07-09 12:56,Rohit,Medium,2,Bug Report,Email,Resolved,
212,TCK0708023,2025-07-08 10:11,,Rohit,Medium,3,Bug Report,Chat,Open,
213,TCK0708024,2025-07-08 10:42,2025-07-08 16:12,Arjun,Medium,4,Login Issue,Chat,Resolved,
214,TCK0708025,2025-07-08 11:07,2025-07-09 01:36,Sneha,High,6,Payment Failure,Web Form,Resolved,
215,TCK0708026,2025-07-08 11:13,2025-07-08 13:40,Sneha,High,-999999,Bug Report,Chat,Escalated,
216,TCK0708027,2025-07-08 11:54,2025-07-08 22:16,Rohit,Lw,8,Payment Failure,Chat,Resolved,
218,TCK0708028,2025-07-08 11:56,2025-07-08 18:22,Arjun,High,3,Login Issue,Phone,Resolved,
219,TCK0709000,2025-07-09 00:20,2025-07-09 16:30,Arjun,Low,1,Account Locked,Phone,Resolved,
221,TCK0709001,2025-07-09 00:22,2025-07-09 22:49,Rohit,Lw,6,Bug Report,Phone,Resolved,
222,TCK0709002,2025-07-09 00:35,2025-07-09 10:39,Kavya,High,4,Feature Request,Email,Resolved,
223,TCK0709003,2025-07-09 00:59,,Kavya,Medium,7,Bug Report,Phone,Open,
224,TCK0709004,2025-07-09 01:26,2025-07-09 16:46,Sneha,Medium,-999999,Payment Failure,Email,Resolved,
225,TCK0709005,2025-07-09 02:00,2025-07-09 18:17,Arjun,High,-999999,Feature Request,Web Form,Resolved,
226,TCK0709006,2025-07-09 02:52,2025-07-09 04:12,Rohit,Low,5,Login Issue,Web Form,Resolved,
227,TCK0709007,2025-07-09 03:02,2025-07-09 13:25,Rohit,Medium,-999999,Login Issue,Phone,Resolved,
228,TCK0709008,2025-07-09 03:10,2025-07-09 05:53,Sneha,High,1,Feature Request,Phone,Resolved,
229,TCK0709009,2025-07-09 03:20,2025-07-10 07:59,Rohit,Low,3,Account Locked,Web Form,Resolved,
230,TCK0709010,2025-07-09 03:55,2025-07-09 13:56,Rohit,Hgh,2,Bug Report,Email,Resolved,
231,TCK0709011,2025-07-09 04:51,,Kavya,Low,5,Login Issue,Email,Open,
232,TCK0709012,2025-07-09 05:33,2025-07-10 07:32,Sneha,Medium,2,Payment Failure,Web Form,Resolved,
233,TCK0709013,2025-07-09 05:40,,Sneha,Medium,6,Account Locked,Email,Open,
234,TCK0709014,2025-07-09 05:45,2025-07-09 07:47,Sneha,High,3,Login Issue,Email,Resolved,
235,TCK0709015,2025-07-09 06:00,2025-07-10 15:51,Rohit,Medium,5,Payment Failure,Web Form,Resolved,
236,TCK0709016,2025-07-09 06:09,,Rohit,Medum,1,Bug Report,Email,Open,
237,TCK0709017,2025-07-09 06:20,2025-07-09 12:16,Sneha,Medum,7,Account Locked,Chat,Resolved,
238,TCK0709018,2025-07-09 06:32,2025-07-09 18:46,Rohit,Medum,1,Login Issue,Chat,Resolved,
239,TCK0709019,2025-07-09 07:26,,Ananya,High,8,Account Locked,Chat,Open,
240,TCK0709020,2025-07-09 07:36,2025-07-10 06:29,Arjun,Medium,1,Login Issue,Phone,Resolved,
241,TCK0709021,2025-07-09 08:37,2025-07-09 21:09,Rohit,Medum,1,Feature Request,Phone,Resolved,
242,TCK0709022,2025-07-09 09:00,2025-07-10 05:34,Ananya,Medium,8,Feature Request,Email,Resolved,
243,TCK0709023,2025-07-09 09:17,2025-07-10 14:58,Ananya,Low,-999999,Feature Request,Web Form,Escalated,
245,TCK0709024,2025-07-09 09:40,,Sneha,Medum,1,Bug Report,Chat,Open,
246,TCK0709025,2025-07-09 10:04,2025-07-10 15:08,Arjun,Medium,-999999,Bug Report,Phone,Resolved,
247,TCK0709026,2025-07-09 10:52,,Sneha,Low,8,Bug Report,Chat,Open,
248,TCK0709027,2025-07-09 11:27,2025-07-10 07:50,Rohit,Low,6,Bug Report,Chat,Escalated,
249,TCK0709028,2025-07-09 11:41,2025-07-10 19:39,Kavya,Medium,3,Bug Report,Phone,Escalated,
250,TCK0710000,2025-07-10 00:04,2025-07-10 02:00,Arjun,Medium,8,Bug Report,Chat,Resolved,
251,TCK0710001,2025-07-10 01:14,2025-07-11 08:40,Arjun,Medium,5,Payment Failure,Web Form,Escalated,
252,TCK0710002,2025-07-10 01:26,2025-07-11 12:57,Arjun,High,-999999,Login Issue,Phone,Resolved,
253,TCK0710003,2025-07-10 02:24,2025-07-10 23:53,Kavya,Low,6,Payment Failure,Email,Resolved,
254,TCK0710004,2025-07-10 02:26,2025-07-10 23:39,Arjun,Medum,-999999,Account Locked,Phone,Resolved,
255,TCK0710005,2025-07-10 02:30,2025-07-10 23:34,Kavya,Hgh,2,Payment Failure,Email,Resolved,
256,TCK0710006,2025-07-10 03:00,2025-07-10 17:39,Arjun,Medium,-999999,Login Issue,Chat,Resolved,
257,TCK0710007,2025-07-10 03:00,2025-07-10 12:08,Arjun,Medum,5,Account Locked,Phone,Resolved,
258,TCK0710008,2025-07-10 03:14,2025-07-10 11:29,Kavya,Medium,7,Login Issue,Email,Resolved,
259,TCK0710009,2025-07-10 03:24,2025-07-10 15:52,Kavya,Low,6,Bug Report,Email,Resolved,
260,TCK0710010,2025-07-10 03:51,,Kavya,Medium,4,Bug Report,Email,Open,
261,TCK0710011,2025-07-10 04:54,2025-07-10 23:04,Ananya,Medium,5,Bug Report,Web Form,Resolved,
262,TCK0710012,2025-07-10 06:58,2025-07-11 14:58,Kavya,High,4,Account Locked,Email,Resolved,
263,TCK0710013,2025-07-10 07:34,2025-07-11 07:57,Arjun,High,-999999,Login Issue,Chat,Resolved,
264,TCK0710014,2025-07-10 08:34,2025-07-11 04:27,Arjun,Hgh,1,Payment Failure,Chat,Resolved,
266,TCK0710015,2025-07-10 09:03,2025-07-10 22:53,Sneha,Medium,8,Bug Report,Email,Resolved,
267,TCK0710016,2025-07-10 09:49,2025-07-10 18:11,Sneha,Low,3,Payment Failure,Email,Resolved,
268,TCK0710017,2025-07-10 10:05,2025-07-11 03:03,Arjun,Medium,5,Payment Failure,Email,Resolved,
269,TCK0710018,2025-07-10 10:08,2025-07-11 11:24,Sneha,Medium,5,Bug Report,Phone,Resolved,
270,TCK0710019,2025-07-10 11:20,2025-07-10 19:22,Kavya,Hgh,8,Login Issue,Email,Resolved,
271,TCK0710020,2025-07-10 11:37,,Kavya,Low,6,Payment Failure,Email,Open,
273,TCK0711000,2025-07-11 00:01,2025-07-11 06:35,Ananya,High,-999999,Feature Request,Phone,Resolved,
274,TCK0711001,2025-07-11 00:50,2025-07-11 05:15,Ananya,Low,1,Feature Request,Phone,Resolved,
275,TCK0711002,2025-07-11 00:55,2025-07-12 02:23,Sneha,Medium,-999999,Feature Request,Email,Resolved,
276,TCK0711003,2025-07-11 01:17,2025-07-11 22:43,Rohit,Low,2,Account Locked,Email,Resolved,
277,TCK0711004,2025-07-11 01:24,2025-07-12 08:53,Ananya,Medium,4,Feature Request,Email,Resolved,
279,TCK0711005,2025-07-11 03:16,2025-07-11 07:34,Sneha,Medum,5,Feature Request,Email,Resolved,
280,TCK0711006,2025-07-11 04:06,2025-07-11 19:15,Kavya,Low,7,Bug Report,Web Form,Resolved,
281,TCK0711007,2025-07-11 04:26,2025-07-12 07:26,Kavya,Low,5,Bug Report,Email,Resolved,
282,TCK0711008,2025-07-11 04:44,2025-07-11 08:01,Ananya,Low,4,Account Locked,Phone,Resolved,
283,TCK0711009,2025-07-11 05:24,2025-07-11 21:57,Rohit,Medum,8,Payment Failure,Phone,Escalated,
284,TCK0711010,2025-07-11 05:32,,Kavya,Medum,-999999,Login Issue,Phone,Open,
285,TCK0711011,2025-07-11 05:50,2025-07-12 11:20,Rohit,Low,-999999,Login Issue,Chat,Resolved,
286,TCK0711012,2025-07-11 05:51,2025-07-12 10:45,Sneha,Low,6,Bug Report,Web Form,Resolved,
288,TCK0711013,2025-07-11 07:51,2025-07-11 12:01,Rohit,High,2,Payment Failure,Chat,Resolved,
289,TCK0711014,2025-07-11 08:19,2025-07-11 13:06,Ananya,High,4,Account Locked,Email,Resolved,
290,TCK0711015,2025-07-11 09:07,,Sneha,Medum,8,Bug Report,Email,Open,
291,TCK0711016,2025-07-11 09:25,2025-07-11 10:59,Rohit,Medum,7,Login Issue,Web Form,Resolved,
292,TCK0711017,2025-07-11 09:26,,Ananya,Low,5,Bug Report,Phone,Open,
293,TCK0711018,2025-07-11 09:44,,Rohit,Medium,6,Bug Report,Phone,Open,
294,TCK0711019,2025-07-11 09:52,2025-07-11 23:30,Sneha,Low,1,Bug Report,Web Form,Resolved,
295,TCK0711020,2025-07-11 10:08,2025-07-11 22:49,Kavya,Medium,2,Account Locked,Phone,Resolved,
296,TCK0712000,2025-07-12 00:37,2025-07-12 10:10,Sneha,Low,8,Bug Report,Phone,Resolved,
297,TCK0712001,2025-07-12 00:42,2025-07-12 14:00,Rohit,Medium,-999999,Account Locked,Phone,Resolved,
298,TCK0712002,2025-07-12 00:59,2025-07-13 05:13,Ananya,Hgh,8,Bug Report,Phone,Resolved,
299,TCK0712003,2025-07-12 01:11,2025-07-12 02:52,Ananya,Medum,4,Bug Report,Web Form,Resolved,
300,TCK0712004,2025-07-12 01:34,2025-07-12 13:34,Ananya,Medium,7,Feature Request,Web Form,Resolved,
301,TCK0712005,2025-07-12 01:38,2025-07-12 04:35,Ananya,Medium,-999999,Account Locked,Web Form,Resolved,
302,TCK0712006,2025-07-12 01:45,2025-07-12 02:18,Rohit,High,7,Account Locked,Web Form,Resolved,
303,TCK0712007,2025-07-12 01:46,2025-07-13 11:35,Sneha,Medium,-999999,Bug Report,Web Form,Resolved,
304,TCK0712008,2025-07-12 02:01,2025-07-13 01:16,Sneha,Lw,2,Login Issue,Phone,Resolved,
305,TCK0712009,2025-07-12 02:10,2025-07-13 04:18,Ananya,High,5,Feature Request,Web Form,Resolved,
306,TCK0712010,2025-07-12 03:00,2025-07-13 03:46,Sneha,Medium,8,Login Issue,Chat,Resolved,
307,TCK0712011,2025-07-12 04:52,2025-07-13 04:55,Arjun,High,-999999,Bug Report,Chat,Resolved,
309,TCK0712012,2025-07-12 04:54,2025-07-13 15:51,Kavya,Low,2,Payment Failure,Phone,Resolved,
310,TCK0712013,2025-07-12 05:20,2025-07-12 20:42,Arjun,Medum,7,Bug Report,Email,Resolved,
311,TCK0712014,2025-07-12 05:24,,Arjun,Medum,3,Payment Failure,Phone,Open,
312,TCK0712015,2025-07-12 05:51,2025-07-12 16:01,Arjun,High,1,Account Locked,Web Form,Resolved,
313,TCK0712016,2025-07-12 06:07,2025-07-13 06:20,Sneha,Medium,2,Bug Report,Email,Resolved,
314,TCK0712017,2025-07-12 06:16,2025-07-13 07:11,Ananya,Low,5,Login Issue,Chat,Resolved,
315,TCK0712018,2025-07-12 06:22,,Kavya,Medium,4,Feature Request,Web Form,Open,
316,TCK0712019,2025-07-12 06:51,2025-07-13 06:56,Ananya,Low,1,Account Locked,Web Form,Resolved,
317,TCK0712020,2025-07-12 08:16,2025-07-13 18:48,Rohit,Low,8,Account Locked,Chat,Resolved,
318,TCK0712021,2025-07-12 09:16,2025-07-13 09:40,Kavya,High,3,Account Locked,Email,Resolved,
319,TCK0712022,2025-07-12 09:30,2025-07-12 21:11,Ananya,Medium,7,Login Issue,Email,Resolved,
320,TCK0712023,2025-07-12 09:50,2025-07-13 01:45,Ananya,Medum,5,Login Issue,Web Form,Resolved,
321,TCK0712024,2025-07-12 10:24,2025-07-13 18:25,Arjun,Medum,-999999,Feature Request,Web Form,Resolved,
323,TCK0712025,2025-07-12 10:26,2025-07-13 21:17,Kavya,Low,6,Feature Request,Email,Resolved,
324,TCK0712026,2025-07-12 10:51,2025-07-13 06:45,Rohit,High,6,Payment Failure,Chat,Resolved,
325,TCK0712027,2025-07-12 10:57,2025-07-12 22:34,Rohit,Low,-999999,Login Issue,Email,Resolved,
326,TCK0712028,2025-07-12 11:33,2025-07-12 23:08,Arjun,Medium,4,Payment Failure,Email,Resolved,
328,TCK0712029,2025-07-12 11:57,2025-07-13 12:18,Sneha,High,4,Feature Request,Email,Resolved,
329,TCK0713000,2025-07-13 00:06,2025-07-13 21:58,Sneha,Low,3,Payment Failure,Web Form,Resolved,
330,TCK0713001,2025-07-13 00:23,2025-07-14 11:42,Ananya,Medium,5,Feature Request,Chat,Resolved,
331,TCK0713002,2025-07-13 00:23,2025-07-13 03:38,Kavya,Medium,7,Login Issue,Web Form,Resolved,
333,TCK0713003,2025-07-13 01:03,2025-07-14 05:37,Arjun,Lw,-999999,Payment Failure,Phone,Resolved,
334,TCK0713004,2025-07-13 01:09,2025-07-13 14:07,Rohit,High,4,Feature Request,Web Form,Resolved,
335,TCK0713005,2025-07-13 01:15,2025-07-13 11:09,Arjun,Low,-999999,Account Locked,Chat,Resolved,
336,TCK0713006,2025-07-13 02:09,2025-07-13 08:48,Sneha,Lw,-999999,Account Locked,Chat,Resolved,
337,TCK0713007,2025-07-13 02:41,,Kavya,Low,7,Feature Request,Web Form,Open,
338,TCK0713008,2025-07-13 04:56,2025-07-14 04:11,Sneha,Medium,5,Payment Failure,Email,Resolved,
339,TCK0713009,2025-07-13 05:00,2025-07-14 15:10,Arjun,Medium,2,Account Locked,Chat,Resolved,
340,TCK0713010,2025-07-13 05:09,2025-07-14 15:42,Ananya,Medium,6,Payment Failure,Chat,Resolved,
341,TCK0713011,2025-07-13 05:37,2025-07-14 16:07,Rohit,Medum,5,Account Locked,Web Form,Resolved,
342,TCK0713012,2025-07-13 05:47,2025-07-14 12:48,Rohit,Lw,7,Feature Request,Web Form,Resolved,
343,TCK0713013,2025-07-13 06:02,,Sneha,Medum,3,Account Locked,Web Form,Open,
344,TCK0713014,2025-07-13 07:09,2025-07-14 11:19,Sneha,Medum,7,Payment Failure,Web Form,Resolved,
345,TCK0713015,2025-07-13 07:41,2025-07-14 12:00,Sneha,High,7,Feature Request,Chat,Resolved,
347,TCK0713016,2025-07-13 08:08,2025-07-13 13:50,Rohit,Medium,6,Feature Request,Email,Resolved,
348,TCK0713017,2025-07-13 08:28,2025-07-14 15:23,Arjun,Low,-999999,Login Issue,Email,Resolved,
349,TCK0713018,2025-07-13 09:12,2025-07-14 06:03,Arjun,Medium,-999999,Login Issue,Phone,Resolved,
350,TCK0713019,2025-07-13 09:21,2025-07-14 12:48,Rohit,Medium,3,Account Locked,Web Form,Resolved,
351,TCK0713020,2025-07-13 09:45,2025-07-14 08:33,Kavya,Medium,2,Account Locked,Chat,Resolved,
352,TCK0713021,2025-07-13 09:56,,Rohit,High,3,Bug Report,Web Form,Open,
353,TCK0713022,2025-07-13 10:05,,Rohit,High,2,Login Issue,Email,Open,
354,TCK0713023,2025-07-13 10:11,2025-07-14 20:46,Ananya,Medium,3,Payment Failure,Phone,Resolved,
355,TCK0713024,2025-07-13 10:14,2025-07-14 16:18,Kavya,High,5,Feature Request,Email,Resolved,
356,TCK0713025,2025-07-13 10:30,2025-07-14 00:50,Sneha,Medium,8,Account Locked,Phone,Resolved,
357,TCK0714000,2025-07-14 00:59,2025-07-14 20:47,Rohit,Medium,7,Bug Report,Email,Resolved,
358,TCK0714001,2025-07-14 01:07,2025-07-15 04:49,Kavya,Medum,6,Bug Report,Web Form,Resolved,
359,TCK0714002,2025-07-14 01:46,,Sneha,Low,5,Feature Request,Phone,Open,
360,TCK0714003,2025-07-14 02:01,2025-07-14 03:05,Arjun,Medium,5,Account Locked,Chat,Resolved,
361,TCK0714004,2025-07-14 02:14,,Kavya,Medium,3,Account Locked,Email,Open,
363,TCK0714005,2025-07-14 02:29,2025-07-14 22:09,Rohit,Medum,8,Feature Request,Chat,Resolved,
364,TCK0714006,2025-07-14 03:57,2025-07-14 23:21,Ananya,Medium,4,Account Locked,Email,Resolved,
365,TCK0714007,2025-07-14 04:10,2025-07-14 23:51,Arjun,Medium,4,Feature Request,Phone,Resolved,
366,TCK0714008,2025-07-14 04:35,,Ananya,Low,3,Account Locked,Email,Open,
367,TCK0714009,2025-07-14 05:46,2025-07-14 12:43,Kavya,Low,6,Feature Request,Phone,Resolved,
368,TCK0714010,2025-07-14 06:01,2025-07-15 12:42,Kavya,High,-999999,Feature Request,Web Form,Resolved,
369,TCK0714011,2025-07-14 06:34,2025-07-14 08:15,Sneha,Hgh,-999999,Login Issue,Email,Resolved,
370,TCK0714012,2025-07-14 07:02,2025-07-15 00:08,Kavya,Low,7,Login Issue,Email,Resolved,
371,TCK0714013,2025-07-14 07:07,2025-07-14 22:32,Arjun,High,7,Account Locked,Web Form,Resolved,
372,TCK0714014,2025-07-14 07:15,,Rohit,Low,8,Login Issue,Web Form,Open,
373,TCK0714015,2025-07-14 07:47,2025-07-14 23:57,Arjun,Low,4,Account Locked,Chat,Resolved,
374,TCK0714016,2025-07-14 07:59,2025-07-14 17:56,Rohit,Medium,-999999,Login Issue,Web Form,Resolved,
375,TCK0714017,2025-07-14 08:25,2025-07-14 12:22,Rohit,Medium,2,Login Issue,Email,Escalated,
377,TCK0714018,2025-07-14 08:35,2025-07-14 20:51,Arjun,High,7,Payment Failure,Chat,Resolved,
378,TCK0714019,2025-07-14 08:55,2025-07-14 22:44,Rohit,Low,-999999,Login Issue,Chat,Resolved,
379,TCK0714020,2025-07-14 09:16,2025-07-14 11:51,Kavya,Medum,5,Payment Failure,Chat,Resolved,
380,TCK0714021,2025-07-14 10:11,2025-07-15 18:18,Arjun,High,-999999,Feature Request,Chat,Resolved,
381,TCK0714022,2025-07-14 11:17,2025-07-15 11:19,Rohit,Medum,5,Payment Failure,Web Form,Resolved,
382,TCK0714023,2025-07-14 11:26,2025-07-15 05:04,Rohit,Medum,1,Login Issue,Chat,Resolved,
383,TCK0714024,2025-07-14 11:27,2025-07-15 02:47,Rohit,Medium,8,Feature Request,Email,Resolved,
384,TCK0714025,2025-07-14 11:53,2025-07-15 03:57,Arjun,Low,3,Payment Failure,Email,Resolved,
385,TCK0715000,2025-07-15 00:41,2025-07-15 09:52,Arjun,Medum,4,Bug Report,Email,Resolved,
386,TCK0715001,2025-07-15 01:05,2025-07-15 03:00,Arjun,Medum,-999999,Bug Report,Web Form,Resolved,
387,TCK0715002,2025-07-15 01:38,2025-07-15 11:47,Ananya,Medium,8,Account Locked,Email,Resolved,
388,TCK0715003,2025-07-15 01:55,2025-07-15 22:17,Rohit,Medium,6,Bug Report,Web Form,Resolved,
389,TCK0715004,2025-07-15 02:23,2025-07-16 12:51,Arjun,Medium,-999999,Account Locked,Web Form,Resolved,
390,TCK0715005,2025-07-15 02:23,2025-07-16 11:04,Ananya,Medium,1,Feature Request,Phone,Resolved,
391,TCK0715006,2025-07-15 02:48,2025-07-16 01:10,Sneha,High,1,Bug Report,Chat,Resolved,
392,TCK0715007,2025-07-15 02:57,2025-07-15 14:31,Rohit,Medium,2,Payment Failure,Web Form,Resolved,
393,TCK0715008,2025-07-15 03:20,,Ananya,Medium,4,Account Locked,Chat,Open,
395,TCK0715009,2025-07-15 03:24,2025-07-16 00:05,Ananya,Medium,8,Login Issue,Web Form,Resolved,
397,TCK0715010,2025-07-15 03:25,2025-07-15 06:35,Sneha,Medum,4,Account Locked,Chat,Resolved,
398,TCK0715011,2025-07-15 03:37,,Rohit,Low,-999999,Login Issue,Email,Open,
399,TCK0715012,2025-07-15 03:44,2025-07-16 07:08,Kavya,Medium,7,Feature Request,Chat,Resolved,
400,TCK0715013,2025-07-15 04:10,2025-07-15 23:36,Arjun,Medium,-999999,Account Locked,Email,Resolved,
401,TCK0715014,2025-07-15 04:12,2025-07-15 07:30,Arjun,Medum,7,Login Issue,Chat,Resolved,
402,TCK0715015,2025-07-15 04:12,,Kavya,Medum,5,Account Locked,Chat,Open,
403,TCK0715016,2025-07-15 04:13,2025-07-16 14:51,Arjun,Medium,6,Feature Request,Chat,Resolved,
404,TCK0715017,2025-07-15 04:17,2025-07-16 15:47,Ananya,Low,5,Login Issue,Chat,Resolved,
405,TCK0715018,2025-07-15 04:42,,Kavya,Lw,5,Feature Request,Email,Open,
406,TCK0715019,2025-07-15 05:50,2025-07-16 08:06,Arjun,Medium,5,Bug Report,Web Form,Resolved,
407,TCK0715020,2025-07-15 06:02,,Rohit,Medium,3,Bug Report,Chat,Open,
408,TCK0715021,2025-07-15 07:23,2025-07-15 12:41,Ananya,Medium,8,Payment Failure,Web Form,Resolved,
409,TCK0715022,2025-07-15 09:06,2025-07-16 20:33,Kavya,Medium,2,Feature Request,Phone,Escalated,
410,TCK0715023,2025-07-15 09:21,,Ananya,Low,1,Payment Failure,Email,Open,
411,TCK0715024,2025-07-15 09:30,2025-07-16 00:59,Kavya,Medium,-999999,Feature Request,Phone,Resolved,
412,TCK0715025,2025-07-15 10:34,2025-07-16 20:40,Ananya,Medium,3,Bug Report,Email,Resolved,
413,TCK0716000,2025-07-16 00:06,2025-07-16 04:38,Sneha,Medium,1,Feature Request,Web Form,Resolved,
414,TCK0716001,2025-07-16 00:35,2025-07-17 05:18,Sneha,Low,-999999,Feature Request,Web Form,Resolved,
415,TCK0716002,2025-07-16 01:18,2025-07-17 08:08,Arjun,Medium,5,Bug Report,Chat,Resolved,
416,TCK0716003,2025-07-16 01:26,,Ananya,High,-999999,Payment Failure,Chat,Open,
417,TCK0716004,2025-07-16 02:17,2025-07-17 04:47,Ananya,Low,8,Account Locked,Web Form,Resolved,
418,TCK0716005,2025-07-16 02:22,2025-07-16 18:12,Rohit,Medum,1,Bug Report,Email,Resolved,
419,TCK0716006,2025-07-16 03:34,2025-07-17 03:34,Kavya,High,2,Payment Failure,Chat,Resolved,
420,TCK0716007,2025-07-16 03:44,2025-07-16 20:51,Arjun,High,6,Payment Failure,Chat,Resolved,
421,TCK0716008,2025-07-16 04:34,2025-07-17 10:25,Rohit,Lw,8,Payment Failure,Chat,Resolved,
422,TCK0716009,2025-07-16 05:58,2025-07-16 14:43,Rohit,Medium,4,Account Locked,Web Form,Resolved,
423,TCK0716010,2025-07-16 06:19,,Ananya,Medum,8,Bug Report,Chat,Open,
424,TCK0716011,2025-07-16 06:39,2025-07-16 08:54,Ananya,Hgh,4,Login Issue,Email,Resolved,
426,TCK0716012,2025-07-16 07:00,2025-07-16 22:01,Rohit,Medium,8,Login Issue,Phone,Resolved,
427,TCK0716013,2025-07-16 07:04,2025-07-17 10:51,Arjun,Medum,3,Payment Failure,Email,Resolved,
428,TCK0716014,2025-07-16 07:26,,Sneha,Medium,7,Payment Failure,Email,Open,
429,TCK0716015,2025-07-16 08:51,2025-07-16 09:26,Rohit,High,-999999,Login Issue,Phone,Resolved,
430,TCK0716016,2025-07-16 09:12,2025-07-16 16:19,Ananya,Low,2,Login Issue,Email,Resolved,
432,TCK0716017,2025-07-16 10:01,2025-07-17 17:47,Kavya,Medium,3,Payment Failure,Web Form,Resolved,
433,TCK0716018,2025-07-16 10:43,2025-07-16 21:05,Rohit,Low,1,Account Locked,Email,Resolved,
434,TCK0716019,2025-07-16 11:01,2025-07-16 20:57,Sneha,Medium,6,Payment Failure,Email,Resolved,
435,TCK0716020,2025-07-16 11:06,,Rohit,High,3,Bug Report,Chat,Open,
436,TCK0716021,2025-07-16 11:38,2025-07-17 14:09,Kavya,Low,-999999,Payment Failure,Chat,Resolved,
437,TCK0717000,2025-07-17 02:11,2025-07-18 06:11,Arjun,Low,-999999,Feature Request,Phone,Resolved,
439,TCK0717001,2025-07-17 02:58,2025-07-18 10:50,Ananya,Medum,8,Login Issue,Phone,Resolved,
440,TCK0717002,2025-07-17 03:34,2025-07-18 07:11,Kavya,Lw,4,Login Issue,Email,Resolved,
441,TCK0717003,2025-07-17 03:53,2025-07-17 07:20,Kavya,Medium,1,Feature Request,Chat,Resolved,
442,TCK0717004,2025-07-17 03:57,2025-07-17 17:34,Arjun,Medium,4,Login Issue,Chat,Resolved,
443,TCK0717005,2025-07-17 04:12,2025-07-17 11:09,Arjun,Medium,1,Payment Failure,Web Form,Resolved,
444,TCK0717006,2025-07-17 04:14,2025-07-18 13:17,Kavya,Low,2,Payment Failure,Email,Resolved,
445,TCK0717007,2025-07-17 04:29,2025-07-17 15:04,Arjun,Medium,6,Bug Report,Chat,Resolved,
446,TCK0717008,2025-07-17 04:54,2025-07-18 15:56,Rohit,Low,-999999,Login Issue,Email,Resolved,
447,TCK0717009,2025-07-17 06:00,2025-07-17 21:56,Ananya,Medium,-999999,Bug Report,Chat,Resolved,
448,TCK0717010,2025-07-17 06:14,,Arjun,Medium,8,Login Issue,Chat,Open,
449,TCK0717011,2025-07-17 07:15,2025-07-17 14:14,Kavya,High,-999999,Payment Failure,Phone,Resolved,
450,TCK0717012,2025-07-17 08:15,2025-07-18 09:06,Ananya,Lw,2,Login Issue,Chat,Escalated,
451,TCK0717013,2025-07-17 09:21,2025-07-18 11:11,Arjun,Medium,7,Feature Request,Chat,Escalated,
452,TCK0717014,2025-07-17 09:26,2025-07-18 15:52,Sneha,Low,2,Account Locked,Web Form,Resolved,
453,TCK0717015,2025-07-17 09:44,,Sneha,Low,5,Account Locked,Chat,Open,
454,TCK0717016,2025-07-17 10:51,2025-07-18 07:29,Ananya,Low,6,Payment Failure,Email,Resolved,
455,TCK0717017,2025-07-17 10:53,2025-07-17 13:50,Arjun,Low,4,Feature Request,Phone,Resolved,
456,TCK0717018,2025-07-17 11:03,2025-07-18 16:06,Rohit,Lw,8,Account Locked,Chat,Resolved,
457,TCK0717019,2025-07-17 11:34,2025-07-17 19:24,Kavya,Medium,2,Payment Failure,Chat,Resolved,
458,TCK0717020,2025-07-17 11:36,,Sneha,Lw,2,Bug Report,Email,Open,
459,TCK0717021,2025-07-17 11:54,2025-07-18 07:24,Sneha,Medium,7,Account Locked,Phone,Resolved,
461,TCK0718000,2025-07-18 00:02,2025-07-18 07:21,Rohit,Low,2,Payment Failure,Chat,Resolved,
463,TCK0718001,2025-07-18 00:33,2025-07-18 20:45,Rohit,Medium,5,Feature Request,Chat,Resolved,
464,TCK0718002,2025-07-18 01:01,2025-07-18 05:59,Sneha,Low,8,Feature Request,Chat,Resolved,
465,TCK0718003,2025-07-18 01:55,2025-07-19 10:16,Rohit,Lw,2,Bug Report,Web Form,Resolved,
466,TCK0718004,2025-07-18 01:59,2025-07-19 01:49,Rohit,Medium,6,Bug Report,Phone,Resolved,
467,TCK0718005,2025-07-18 04:40,2025-07-19 07:16,Kavya,Low,7,Payment Failure,Web Form,Resolved,
468,TCK0718006,2025-07-18 04:59,,Rohit,Hgh,-999999,Bug Report,Web Form,Open,
469,TCK0718007,2025-07-18 05:24,,Sneha,High,3,Bug Report,Chat,Open,
470,TCK0718008,2025-07-18 05:53,2025-07-18 12:45,Rohit,High,-999999,Payment Failure,Email,Resolved,
471,TCK0718009,2025-07-18 06:51,,Kavya,Medum,4,Login Issue,Phone,Open,
472,TCK0718010,2025-07-18 07:33,2025-07-19 02:25,Arjun,Low,2,Payment Failure,Phone,Resolved,
473,TCK0718011,2025-07-18 07:41,2025-07-19 19:04,Sneha,Medium,5,Feature Request,Email,Resolved,
474,TCK0718012,2025-07-18 08:11,2025-07-19 04:39,Ananya,High,3,Feature Request,Web Form,Resolved,
475,TCK0718013,2025-07-18 08:18,2025-07-18 12:00,Sneha,Low,2,Feature Request,Web Form,Resolved,
476,TCK0718014,2025-07-18 08:51,2025-07-19 07:57,Arjun,Lw,-999999,Payment Failure,Email,Resolved,
477,TCK0718015,2025-07-18 09:17,2025-07-19 04:54,Rohit,Lw,3,Payment Failure,Web Form,Resolved,
478,TCK0718016,2025-07-18 09:33,2025-07-18 16:26,Ananya,Low,4,Bug Report,Phone,Resolved,
479,TCK0718017,2025-07-18 09:39,2025-07-19 13:33,Arjun,High,3,Payment Failure,Web Form,Resolved,
480,TCK0718018,2025-07-18 09:52,,Ananya,Medium,-999999,Account Locked,Phone,Open,
481,TCK0718019,2025-07-18 10:48,2025-07-19 17:04,Arjun,High,2,Bug Report,Phone,Resolved,
483,TCK0718020,2025-07-18 11:09,2025-07-18 14:09,Ananya,High,3,Payment Failure,Email,Resolved,
484,TCK0718021,2025-07-18 11:31,2025-07-19 09:37,Ananya,High,6,Feature Request,Phone,Escalated,
485,TCK0718022,2025-07-18 11:48,2025-07-19 22:28,Arjun,Medium,2,Payment Failure,Email,Escalated,
486,TCK0719000,2025-07-19 00:20,2025-07-19 05:39,Rohit,High,8,Payment Failure,Chat,Resolved,
487,TCK0719001,2025-07-19 00:31,2025-07-19 21:36,Arjun,High,-999999,Account Locked,Phone,Resolved,
488,TCK0719002,2025-07-19 00:48,2025-07-19 19:25,Rohit,Medium,2,Payment Failure,Web Form,Resolved,
489,TCK0719003,2025-07-19 03:01,,Sneha,High,-999999,Payment Failure,Email,Open,
491,TCK0719004,2025-07-19 03:34,2025-07-20 05:39,Arjun,Low,2,Account Locked,Chat,Resolved,
492,TCK0719005,2025-07-19 04:03,2025-07-19 10:58,Kavya,Medium,8,Payment Failure,Email,Resolved,
493,TCK0719006,2025-07-19 04:14,2025-07-19 22:35,Rohit,Low,1,Login Issue,Chat,Resolved,
494,TCK0719007,2025-07-19 04:51,2025-07-20 12:06,Sneha,Medium,3,Login Issue,Phone,Resolved,
495,TCK0719008,2025-07-19 05:05,2025-07-20 06:30,Rohit,Low,5,Feature Request,Email,Resolved,
496,TCK0719009,2025-07-19 06:02,,Kavya,Medium,7,Payment Failure,Phone,Open,
497,TCK0719010,2025-07-19 06:10,2025-07-19 19:26,Sneha,Hgh,-999999,Login Issue,Web Form,Resolved,
498,TCK0719011,2025-07-19 06:34,2025-07-19 07:23,Sneha,Medium,5,Feature Request,Phone,Resolved,
499,TCK0719012,2025-07-19 06:44,2025-07-20 04:48,Ananya,Lw,6,Login Issue,Chat,Resolved,
500,TCK0719013,2025-07-19 07:37,2025-07-20 13:53,Arjun,Medium,4,Feature Request,Email,Escalated,
501,TCK0719014,2025-07-19 07:54,2025-07-20 11:48,Ananya,Medium,5,Login Issue,Web Form,Resolved,
502,TCK0719015,2025-07-19 07:57,2025-07-19 12:01,Kavya,Medium,4,Account Locked,Chat,Resolved,
504,TCK0719016,2025-07-19 08:59,2025-07-19 10:55,Rohit,Medum,1,Bug Report,Phone,Resolved,
505,TCK0719017,2025-07-19 09:36,2025-07-20 06:04,Sneha,Low,8,Login Issue,Web Form,Resolved,
506,TCK0719018,2025-07-19 09:49,2025-07-20 07:54,Sneha,Lw,8,Payment Failure,Phone,Resolved,
507,TCK0719019,2025-07-19 10:37,2025-07-20 16:55,Sneha,Low,8,Login Issue,Chat,Resolved,
508,TCK0719020,2025-07-19 10:52,2025-07-19 17:37,Ananya,Medum,-999999,Feature Request,Email,Resolved,
509,TCK0719021,2025-07-19 11:05,2025-07-20 11:49,Kavya,Medium,3,Payment Failure,Chat,Resolved,
510,TCK0720000,2025-07-20 00:00,2025-07-20 10:25,Kavya,Medum,-999999,Feature Request,Web Form,Resolved,
511,TCK0720001,2025-07-20 00:10,2025-07-20 03:44,Rohit,Low,4,Feature Request,Chat,Resolved,
512,TCK0720002,2025-07-20 00:11,2025-07-21 11:47,Kavya,Medium,6,Bug Report,Phone,Resolved,
513,TCK0720003,2025-07-20 00:17,2025-07-21 03:39,Arjun,High,3,Login Issue,Chat,Resolved,
514,TCK0720004,2025-07-20 00:19,2025-07-21 06:35,Kavya,Medium,-999999,Login Issue,Web Form,Resolved,
515,TCK0720005,2025-07-20 00:29,,Ananya,Medium,7,Feature Request,Web Form,Open,
516,TCK0720006,2025-07-20 02:52,2025-07-20 04:27,Arjun,High,1,Login Issue,Email,Resolved,
517,TCK0720007,2025-07-20 02:56,2025-07-21 10:57,Arjun,Medium,1,Payment Failure,Phone,Resolved,
518,TCK0720008,2025-07-20 03:21,,Ananya,Medium,8,Bug Report,Chat,Open,
519,TCK0720009,2025-07-20 05:17,2025-07-20 05:33,Ananya,Medium,3,Feature Request,Web Form,Resolved,
520,TCK0720010,2025-07-20 06:08,2025-07-20 08:57,Kavya,Hgh,5,Account Locked,Phone,Resolved,
521,TCK0720011,2025-07-20 06:32,2025-07-21 03:13,Sneha,High,-999999,Bug Report,Chat,Resolved,
522,TCK0720012,2025-07-20 08:01,,Kavya,Medium,7,Account Locked,Email,Open,
523,TCK0720013,2025-07-20 08:39,2025-07-21 05:09,Ananya,Medum,2,Login Issue,Web Form,Resolved,
524,TCK0720014,2025-07-20 08:54,2025-07-21 01:54,Rohit,High,4,Bug Report,Web Form,Resolved,
525,TCK0720015,2025-07-20 09:06,2025-07-21 19:21,Arjun,Low,2,Account Locked,Web Form,Resolved,
526,TCK0720016,2025-07-20 09:17,2025-07-20 23:04,Rohit,Medum,3,Payment Failure,Web Form,Resolved,
527,TCK0720017,2025-07-20 09:37,2025-07-20 23:15,Rohit,High,5,Bug Report,Email,Resolved,
528,TCK0720018,2025-07-20 09:57,2025-07-21 15:46,Sneha,Lw,5,Account Locked,Web Form,Resolved,
529,TCK0720019,2025-07-20 10:32,2025-07-20 23:28,Ananya,Low,7,Bug Report,Phone,Resolved,
531,TCK0720020,2025-07-20 10:46,,Kavya,Medium,4,Feature Request,Email,Open,
532,TCK0720021,2025-07-20 11:14,2025-07-21 12:19,Arjun,Medum,-999999,Login Issue,Email,Resolved,
534,TCK0720022,2025-07-20 11:26,2025-07-21 11:30,Kavya,High,-999999,Feature Request,Web Form,Resolved,
535,TCK0720023,2025-07-20 11:42,2025-07-21 22:24,Sneha,High,4,Bug Report,Email,Resolved,
536,TCK0720024,2025-07-20 11:49,2025-07-20 20:47,Kavya,Medium,1,Payment Failure,Phone,Resolved,
537,TCK0721000,2025-07-21 00:07,2025-07-21 00:51,Rohit,Low,-999999,Account Locked,Web Form,Resolved,
538,TCK0721001,2025-07-21 00:09,2025-07-21 13:00,Arjun,Medium,2,Bug Report,Email,Resolved,
540,TCK0721002,2025-07-21 00:10,2025-07-21 08:37,Arjun,High,2,Account Locked,Email,Resolved,
541,TCK0721003,2025-07-21 00:45,2025-07-22 10:51,Kavya,Lw,2,Payment Failure,Email,Resolved,
542,TCK0721004,2025-07-21 00:59,2025-07-21 11:02,Kavya,High,8,Payment Failure,Email,Resolved,
543,TCK0721005,2025-07-21 02:12,2025-07-21 14:00,Ananya,Medium,-999999,Login Issue,Phone,Resolved,
544,TCK0721006,2025-07-21 02:12,,Sneha,Lw,7,Account Locked,Web Form,Open,
545,TCK0721007,2025-07-21 02:22,2025-07-21 20:34,Rohit,Lw,7,Feature Request,Web Form,Escalated,
546,TCK0721008,2025-07-21 03:19,2025-07-21 13:07,Arjun,Low,7,Login Issue,Email,Resolved,
547,TCK0721009,2025-07-21 04:43,2025-07-21 12:41,Ananya,Medium,4,Bug Report,Chat,Resolved,
548,TCK0721010,2025-07-21 04:45,2025-07-22 03:15,Sneha,Medum,8,Payment Failure,Email,Resolved,
549,TCK0721011,2025-07-21 05:05,2025-07-21 22:30,Sneha,Medum,1,Account Locked,Chat,Resolved,
551,TCK0721012,2025-07-21 05:50,2025-07-21 17:20,Arjun,Medium,5,Account Locked,Email,Resolved,
552,TCK0721013,2025-07-21 06:24,2025-07-21 21:10,Arjun,Medium,6,Payment Failure,Phone,Resolved,
553,TCK0721014,2025-07-21 08:37,2025-07-22 19:28,Arjun,Low,4,Feature Request,Chat,Resolved,
554,TCK0721015,2025-07-21 09:11,2025-07-22 08:49,Ananya,Medium,2,Payment Failure,Phone,Resolved,
555,TCK0721016,2025-07-21 09:30,2025-07-21 15:40,Arjun,Medium,8,Feature Request,Email,Resolved,
556,TCK0721017,2025-07-21 10:14,2025-07-21 20:34,Arjun,Low,-999999,Account Locked,Email,Resolved,
557,TCK0721018,2025-07-21 10:29,,Ananya,Low,6,Account Locked,Phone,Open,
558,TCK0721019,2025-07-21 10:55,2025-07-21 20:19,Kavya,Medium,-999999,Bug Report,Email,Resolved,
559,TCK0722000,2025-07-22 00:54,2025-07-22 10:42,Kavya,Low,1,Feature Request,Phone,Resolved,
560,TCK0722001,2025-07-22 01:05,2025-07-22 04:14,Arjun,Low,7,Payment Failure,Web Form,Resolved,
561,TCK0722002,2025-07-22 01:12,2025-07-22 22:50,Arjun,Medium,4,Account Locked,Web Form,Resolved,
562,TCK0722003,2025-07-22 01:13,2025-07-22 17:38,Sneha,Medium,-999999,Payment Failure,Chat,Resolved,
563,TCK0722004,2025-07-22 01:42,2025-07-22 12:28,Kavya,Medium,-999999,Feature Request,Email,Resolved,
564,TCK0722005,2025-07-22 02:23,2025-07-23 11:17,Kavya,Hgh,6,Payment Failure,Phone,Resolved,
565,TCK0722006,2025-07-22 03:34,2025-07-23 02:41,Arjun,Medium,8,Payment Failure,Web Form,Resolved,
566,TCK0722007,2025-07-22 03:37,2025-07-23 01:14,Rohit,High,3,Payment Failure,Email,Resolved,
567,TCK0722008,2025-07-22 03:55,2025-07-22 17:31,Arjun,Low,6,Login Issue,Web Form,Resolved,
569,TCK0722009,2025-07-22 04:52,2025-07-23 06:52,Arjun,Medium,8,Feature Request,Web Form,Resolved,
570,TCK0722010,2025-07-22 06:28,2025-07-22 06:50,Arjun,Medium,6,Login Issue,Web Form,Resolved,
571,TCK0722011,2025-07-22 06:32,,Rohit,Lw,7,Account Locked,Web Form,Open,
572,TCK0722012,2025-07-22 07:06,2025-07-23 08:33,Sneha,High,7,Feature Request,Email,Resolved,
573,TCK0722013,2025-07-22 07:18,2025-07-22 16:09,Ananya,High,8,Feature Request,Web Form,Resolved,
575,TCK0722014,2025-07-22 07:26,2025-07-23 01:42,Kavya,Medum,8,Feature Request,Email,Resolved,
576,TCK0722015,2025-07-22 08:19,2025-07-22 16:48,Ananya,Low,-999999,Account Locked,Web Form,Resolved,
577,TCK0722016,2025-07-22 08:26,2025-07-23 07:31,Kavya,Medium,-999999,Bug Report,Chat,Resolved,
578,TCK0722017,2025-07-22 09:42,,Arjun,Lw,7,Login Issue,Phone,Open,
579,TCK0722018,2025-07-22 10:44,2025-07-22 15:59,Ananya,High,8,Feature Request,Chat,Resolved,
580,TCK0722019,2025-07-22 10:47,2025-07-23 16:23,Kavya,Medium,2,Login Issue,Phone,Resolved,
581,TCK0722020,2025-07-22 11:29,2025-07-22 20:52,Sneha,High,3,Payment Failure,Chat,Resolved,
582,TCK0722021,2025-07-22 11:53,2025-07-23 08:00,Rohit,Medum,2,Login Issue,Chat,Resolved,
583,TCK0723000,2025-07-23 01:36,2025-07-23 18:20,Rohit,Medium,4,Bug Report,Chat,Resolved,
584,TCK0723001,2025-07-23 01:39,2025-07-23 21:12,Ananya,Low,-999999,Account Locked,Phone,Resolved,
585,TCK0723002,2025-07-23 01:42,2025-07-23 11:15,Rohit,Medium,7,Account Locked,Phone,Resolved,
586,TCK0723003,2025-07-23 01:50,2025-07-24 08:21,Sneha,Low,1,Feature Request,Web Form,Resolved,
587,TCK0723004,2025-07-23 02:12,2025-07-23 02:31,Ananya,High,1,Feature Request,Chat,Resolved,
588,TCK0723005,2025-07-23 02:30,2025-07-23 03:07,Rohit,Low,-999999,Login Issue,Email,Resolved,
590,TCK0723006,2025-07-23 05:17,2025-07-24 03:52,Arjun,Lw,5,Payment Failure,Phone,Resolved,
591,TCK0723007,2025-07-23 06:04,2025-07-24 01:44,Arjun,Medium,7,Account Locked,Phone,Resolved,
592,TCK0723008,2025-07-23 06:12,2025-07-23 19:38,Rohit,Medium,3,Feature Request,Chat,Resolved,
593,TCK0723009,2025-07-23 06:14,2025-07-23 15:25,Ananya,Low,8,Bug Report,Email,Resolved,
594,TCK0723010,2025-07-23 07:08,2025-07-23 23:08,Kavya,Medium,-999999,Bug Report,Chat,Resolved,
595,TCK0723011,2025-07-23 07:18,2025-07-24 09:30,Ananya,Low,1,Payment Failure,Phone,Resolved,
596,TCK0723012,2025-07-23 07:56,2025-07-23 12:22,Kavya,Low,7,Login Issue,Web Form,Resolved,
597,TCK0723013,2025-07-23 07:57,2025-07-24 11:40,Ananya,High,4,Login Issue,Web Form,Resolved,
598,TCK0723014,2025-07-23 08:04,2025-07-24 03:22,Ananya,Low,3,Bug Report,Chat,Resolved,
599,TCK0723015,2025-07-23 08:25,2025-07-24 04:13,Ananya,High,4,Feature Request,Phone,Resolved,
600,TCK0723016,2025-07-23 08:50,2025-07-23 13:48,Kavya,Lw,6,Bug Report,Email,Resolved,
602,TCK0723017,2025-07-23 10:15,2025-07-24 01:26,Sneha,Lw,-999999,Account Locked,Chat,Resolved,
603,TCK0723018,2025-07-23 10:42,2025-07-24 17:36,Ananya,Low,1,Login Issue,Email,Resolved,
604,TCK0723019,2025-07-23 10:44,2025-07-24 13:34,Ananya,Medium,2,Account Locked,Phone,Resolved,
605,TCK0723020,2025-07-23 10:51,2025-07-24 03:12,Sneha,Lw,7,Login Issue,Web Form,Resolved,
606,TCK0723021,2025-07-23 11:37,2025-07-23 18:05,Arjun,Lw,8,Account Locked,Email,Resolved,
607,TCK0724000,2025-07-24 01:07,2025-07-24 07:50,Kavya,Medium,3,Payment Failure,Email,Resolved,
608,TCK0724001,2025-07-24 01:19,2025-07-24 09:09,Ananya,Medium,1,Payment Failure,Email,Resolved,
609,TCK0724002,2025-07-24 02:52,,Sneha,High,8,Bug Report,Phone,Open,
610,TCK0724003,2025-07-24 03:16,2025-07-24 13:23,Sneha,Medium,3,Bug Report,Web Form,Resolved,
611,TCK0724004,2025-07-24 03:17,2025-07-24 08:46,Arjun,Medum,-999999,Bug Report,Web Form,Resolved,
612,TCK0724005,2025-07-24 03:20,2025-07-24 09:47,Kavya,Lw,2,Payment Failure,Chat,Resolved,
613,TCK0724006,2025-07-24 03:57,2025-07-24 13:01,Kavya,Medium,7,Login Issue,Chat,Resolved,
614,TCK0724007,2025-07-24 04:12,2025-07-25 14:59,Sneha,Medum,-999999,Account Locked,Chat,Resolved,
615,TCK0724008,2025-07-24 04:53,2025-07-25 07:37,Kavya,High,4,Bug Report,Email,Escalated,
616,TCK0724009,2025-07-24 05:58,2025-07-24 22:46,Ananya,Medium,4,Account Locked,Phone,Resolved,
617,TCK0724010,2025-07-24 06:13,2025-07-25 05:19,Arjun,High,8,Payment Failure,Email,Resolved,
618,TCK0724011,2025-07-24 06:22,2025-07-25 04:39,Rohit,Medum,-999999,Bug Report,Web Form,Resolved,
619,TCK0724012,2025-07-24 07:00,2025-07-24 09:23,Ananya,Medum,-999999,Login Issue,Web Form,Resolved,
621,TCK0724013,2025-07-24 07:13,2025-07-25 04:43,Kavya,High,7,Login Issue,Phone,Resolved,
622,TCK0724014,2025-07-24 07:27,2025-07-25 10:20,Sneha,Low,3,Bug Report,Phone,Resolved,
623,TCK0724015,2025-07-24 07:50,2025-07-25 10:17,Sneha,Low,8,Payment Failure,Web Form,Resolved,
624,TCK0724016,2025-07-24 08:42,2025-07-25 13:46,Rohit,Medium,6,Account Locked,Chat,Resolved,
625,TCK0724017,2025-07-24 11:02,,Kavya,Medium,5,Account Locked,Phone,Open,
626,TCK0724018,2025-07-24 11:02,2025-07-24 12:12,Ananya,Medium,2,Payment Failure,Web Form,Resolved,
628,TCK0724019,2025-07-24 11:08,2025-07-25 08:41,Kavya,Medium,8,Feature Request,Email,Resolved,
629,TCK0724020,2025-07-24 11:36,2025-07-24 20:08,Sneha,High,8,Account Locked,Phone,Escalated,
630,TCK0725000,2025-07-25 00:16,2025-07-25 21:21,Kavya,Lw,2,Feature Request,Web Form,Resolved,
631,TCK0725001,2025-07-25 00:20,,Sneha,High,-999999,Login Issue,Web Form,Open,
632,TCK0725002,2025-07-25 00:22,,Arjun,Medium,-999999,Payment Failure,Email,Open,
633,TCK0725003,2025-07-25 01:19,2025-07-26 11:28,Ananya,Low,3,Login Issue,Web Form,Resolved,
634,TCK0725004,2025-07-25 01:42,2025-07-26 04:33,Sneha,Medium,7,Bug Report,Web Form,Resolved,
635,TCK0725005,2025-07-25 02:25,2025-07-26 08:23,Rohit,Medium,-999999,Bug Report,Phone,Escalated,
636,TCK0725006,2025-07-25 03:54,,Sneha,Low,4,Feature Request,Phone,Open,
637,TCK0725007,2025-07-25 04:11,2025-07-26 14:34,Rohit,High,8,Feature Request,Email,Resolved,
638,TCK0725008,2025-07-25 04:12,,Rohit,Low,3,Payment Failure,Email,Open,
639,TCK0725009,2025-07-25 04:13,2025-07-25 22:28,Rohit,Medium,2,Account Locked,Email,Resolved,
640,TCK0725010,2025-07-25 04:35,2025-07-25 15:52,Kavya,High,6,Account Locked,Email,Resolved,
641,TCK0725011,2025-07-25 05:00,2025-07-25 11:34,Arjun,High,2,Bug Report,Web Form,Resolved,
642,TCK0725012,2025-07-25 05:14,2025-07-25 22:37,Rohit,Hgh,5,Payment Failure,Phone,Resolved,
643,TCK0725013,2025-07-25 05:29,2025-07-26 16:27,Arjun,Medium,6,Account Locked,Web Form,Resolved,
644,TCK0725014,2025-07-25 05:54,2025-07-26 16:51,Rohit,High,4,Payment Failure,Web Form,Resolved,
645,TCK0725015,2025-07-25 06:14,2025-07-25 08:01,Sneha,Medium,1,Feature Request,Phone,Resolved,
646,TCK0725016,2025-07-25 06:55,2025-07-25 21:37,Sneha,Medium,7,Feature Request,Email,Resolved,
647,TCK0725017,2025-07-25 07:52,2025-07-26 16:50,Arjun,Hgh,-999999,Account Locked,Email,Resolved,
649,TCK0725018,2025-07-25 08:10,2025-07-26 18:00,Sneha,Medium,7,Bug Report,Phone,Resolved,
651,TCK0725019,2025-07-25 08:15,2025-07-26 20:09,Sneha,Medum,3,Feature Request,Email,Resolved,
652,TCK0725020,2025-07-25 08:26,2025-07-26 15:41,Sneha,Medium,2,Account Locked,Email,Resolved,
653,TCK0725021,2025-07-25 08:54,,Ananya,Medium,7,Payment Failure,Phone,Open,
654,TCK0725022,2025-07-25 09:15,2025-07-26 00:32,Rohit,Hgh,8,Account Locked,Email,Resolved,
655,TCK0725023,2025-07-25 09:17,,Rohit,Low,6,Payment Failure,Chat,Open,
656,TCK0725024,2025-07-25 11:02,2025-07-26 03:36,Rohit,Hgh,-999999,Payment Failure,Phone,Resolved,
657,TCK0725025,2025-07-25 11:53,2025-07-26 06:42,Ananya,Medium,5,Bug Report,Phone,Resolved,
658,TCK0725026,2025-07-25 11:55,2025-07-26 06:16,Rohit,Medium,7,Account Locked,Phone,Resolved,
659,TCK0726000,2025-07-26 00:14,2025-07-26 19:17,Rohit,Medium,7,Account Locked,Email,Resolved,
660,TCK0726001,2025-07-26 00:48,,Sneha,High,2,Feature Request,Web Form,Open,
661,TCK0726002,2025-07-26 01:47,2025-07-27 08:13,Ananya,Low,6,Bug Report,Chat,Resolved,
662,TCK0726003,2025-07-26 02:06,2025-07-27 02:05,Sneha,Medium,4,Bug Report,Web Form,Resolved,
663,TCK0726004,2025-07-26 02:58,2025-07-27 00:24,Arjun,Medum,3,Feature Request,Email,Resolved,
665,TCK0726005,2025-07-26 03:06,2025-07-26 16:56,Ananya,Low,8,Bug Report,Email,Resolved,
666,TCK0726006,2025-07-26 03:07,,Rohit,Lw,4,Payment Failure,Phone,Open,
667,TCK0726007,2025-07-26 05:06,2025-07-27 08:58,Sneha,Low,2,Account Locked,Web Form,Resolved,
668,TCK0726008,2025-07-26 06:25,2025-07-27 08:33,Rohit,Low,1,Login Issue,Phone,Resolved,
669,TCK0726009,2025-07-26 06:36,,Rohit,High,4,Account Locked,Email,Open,
670,TCK0726010,2025-07-26 06:39,,Rohit,Medium,8,Payment Failure,Phone,Open,
671,TCK0726011,2025-07-26 07:10,2025-07-26 19:29,Sneha,Medium,1,Bug Report,Chat,Resolved,
672,TCK0726012,2025-07-26 08:54,2025-07-26 21:55,Arjun,Medium,7,Login Issue,Chat,Resolved,
673,TCK0726013,2025-07-26 09:55,2025-07-27 00:06,Sneha,High,-999999,Bug Report,Email,Resolved,
674,TCK0726014,2025-07-26 10:02,2025-07-27 10:08,Kavya,Medium,2,Account Locked,Chat,Resolved,
675,TCK0726015,2025-07-26 10:03,2025-07-27 15:22,Ananya,High,-999999,Feature Request,Chat,Resolved,
677,TCK0726016,2025-07-26 11:26,2025-07-27 02:00,Kavya,Medium,6,Account Locked,Web Form,Resolved,
678,TCK0726017,2025-07-26 11:33,2025-07-27 00:42,Sneha,Lw,2,Account Locked,Chat,Resolved,
679,TCK0726018,2025-07-26 11:38,2025-07-27 00:05,Ananya,Lw,-999999,Account Locked,Web Form,Resolved,
680,TCK0726019,2025-07-26 11:41,2025-07-26 19:35,Kavya,Hgh,-999999,Account Locked,Web Form,Resolved,
681,TCK0727000,2025-07-27 00:35,2025-07-27 16:34,Ananya,Medium,6,Feature Request,Chat,Escalated,
683,TCK0727001,2025-07-27 01:21,2025-07-27 20:51,Sneha,Lw,6,Feature Request,Email,Resolved,
684,TCK0727002,2025-07-27 02:00,2025-07-28 08:29,Arjun,Medium,6,Login Issue,Email,Resolved,
685,TCK0727003,2025-07-27 02:01,2025-07-27 05:24,Rohit,High,1,Bug Report,Phone,Resolved,
686,TCK0727004,2025-07-27 02:22,,Rohit,Medium,8,Feature Request,Web Form,Open,
687,TCK0727005,2025-07-27 02:32,2025-07-27 07:50,Arjun,High,4,Account Locked,Email,Resolved,
688,TCK0727006,2025-07-27 03:11,2025-07-28 09:05,Sneha,Medium,4,Feature Request,Email,Resolved,
689,TCK0727007,2025-07-27 03:19,2025-07-27 12:15,Ananya,Medium,4,Bug Report,Phone,Resolved,
690,TCK0727008,2025-07-27 03:19,2025-07-28 09:59,Rohit,Low,4,Login Issue,Email,Resolved,
691,TCK0727009,2025-07-27 03:40,2025-07-27 21:49,Kavya,Hgh,2,Payment Failure,Email,Resolved,
692,TCK0727010,2025-07-27 04:22,2025-07-27 22:37,Ananya,Medium,8,Login Issue,Chat,Resolved,
693,TCK0727011,2025-07-27 04:30,2025-07-27 13:33,Rohit,Medium,-999999,Feature Request,Chat,Escalated,
694,TCK0727012,2025-07-27 05:45,2025-07-27 19:49,Kavya,Medium,5,Payment Failure,Web Form,Escalated,
695,TCK0727013,2025-07-27 06:04,2025-07-28 07:11,Kavya,Low,6,Bug Report,Web Form,Resolved,
696,TCK0727014,2025-07-27 06:53,2025-07-27 18:48,Kavya,Medum,-999999,Feature Request,Chat,Resolved,
697,TCK0727015,2025-07-27 07:29,2025-07-27 12:48,Kavya,High,7,Bug Report,Email,Resolved,
698,TCK0727016,2025-07-27 07:39,2025-07-28 03:23,Arjun,Lw,-999999,Payment Failure,Chat,Resolved,
699,TCK0727017,2025-07-27 07:50,2025-07-28 02:53,Rohit,Low,5,Feature Request,Email,Resolved,
700,TCK0727018,2025-07-27 09:16,2025-07-28 14:55,Sneha,Medium,6,Feature Request,Web Form,Resolved,
702,TCK0727019,2025-07-27 09:23,2025-07-28 04:35,Ananya,Lw,-999999,Account Locked,Web Form,Resolved,
703,TCK0727020,2025-07-27 09:25,2025-07-27 23:43,Sneha,Low,7,Login Issue,Phone,Resolved,
704,TCK0727021,2025-07-27 10:34,2025-07-28 04:01,Kavya,High,8,Feature Request,Email,Resolved,
705,TCK0728000,2025-07-28 00:13,2025-07-28 12:13,Kavya,Low,2,Bug Report,Phone,Resolved,
706,TCK0728001,2025-07-28 00:14,2025-07-28 14:34,Kavya,Medium,6,Login Issue,Email,Resolved,
707,TCK0728002,2025-07-28 02:24,2025-07-28 21:56,Arjun,High,-999999,Payment Failure,Chat,Escalated,
708,TCK0728003,2025-07-28 02:33,2025-07-29 04:09,Rohit,Medium,5,Feature Request,Chat,Resolved,
709,TCK0728004,2025-07-28 02:59,2025-07-29 05:57,Kavya,Lw,4,Payment Failure,Phone,Resolved,
710,TCK0728005,2025-07-28 03:36,2025-07-28 21:39,Rohit,Low,6,Bug Report,Chat,Resolved,
711,TCK0728006,2025-07-28 04:17,,Kavya,Medium,8,Payment Failure,Chat,Open,
712,TCK0728007,2025-07-28 05:11,2025-07-28 22:30,Rohit,Medium,7,Feature Request,Phone,Resolved,
713,TCK0728008,2025-07-28 05:16,2025-07-29 01:55,Rohit,Low,5,Login Issue,Email,Resolved,
714,TCK0728009,2025-07-28 05:46,2025-07-28 22:55,Arjun,Medium,5,Payment Failure,Phone,Resolved,
715,TCK0728010,2025-07-28 06:58,2025-07-28 11:46,Arjun,Low,3,Payment Failure,Phone,Resolved,
716,TCK0728011,2025-07-28 08:08,,Rohit,Lw,2,Payment Failure,Phone,Open,
717,TCK0728012,2025-07-28 08:10,2025-07-29 08:22,Arjun,Hgh,5,Login Issue,Chat,Resolved,
719,TCK0728013,2025-07-28 08:34,2025-07-29 11:19,Rohit,Low,2,Payment Failure,Phone,Resolved,
720,TCK0728014,2025-07-28 09:07,,Kavya,Medium,8,Account Locked,Web Form,Open,
721,TCK0728015,2025-07-28 09:08,2025-07-29 14:35,Sneha,High,6,Bug Report,Chat,Resolved,
722,TCK0728016,2025-07-28 09:59,2025-07-29 19:39,Sneha,Low,1,Feature Request,Web Form,Resolved,
723,TCK0728017,2025-07-28 10:43,2025-07-28 11:55,Kavya,Low,-999999,Account Locked,Email,Resolved,
724,TCK0728018,2025-07-28 10:46,2025-07-28 18:04,Rohit,Medium,-999999,Login Issue,Web Form,Resolved,
725,TCK0728019,2025-07-28 10:55,2025-07-28 23:47,Sneha,Lw,8,Account Locked,Email,Resolved,
726,TCK0728020,2025-07-28 10:59,2025-07-29 16:55,Arjun,Lw,-999999,Login Issue,Phone,Resolved,
728,TCK0728021,2025-07-28 10:59,,Sneha,High,8,Account Locked,Email,Open,
729,TCK0728022,2025-07-28 11:24,2025-07-29 03:53,Arjun,Medium,2,Bug Report,Chat,Resolved,
730,TCK0729000,2025-07-29 00:30,2025-07-29 11:30,Sneha,Medium,6,Feature Request,Web Form,Resolved,
731,TCK0729001,2025-07-29 00:44,2025-07-29 05:19,Rohit,Medium,6,Login Issue,Web Form,Resolved,
732,TCK0729002,2025-07-29 00:53,2025-07-29 20:39,Rohit,Medium,-999999,Account Locked,Chat,Resolved,
733,TCK0729003,2025-07-29 01:48,2025-07-29 10:23,Arjun,Medium,-999999,Feature Request,Web Form,Resolved,
735,TCK0729004,2025-07-29 01:51,2025-07-30 05:59,Kavya,Medium,3,Feature Request,Web Form,Resolved,
736,TCK0729005,2025-07-29 02:17,2025-07-29 06:49,Arjun,Medium,-999999,Feature Request,Web Form,Resolved,
737,TCK0729006,2025-07-29 02:35,2025-07-29 18:30,Rohit,Medium,1,Account Locked,Web Form,Resolved,
738,TCK0729007,2025-07-29 03:05,,Sneha,Medium,6,Account Locked,Phone,Open,
740,TCK0729008,2025-07-29 03:08,2025-07-29 05:01,Ananya,Medum,8,Payment Failure,Web Form,Resolved,
741,TCK0729009,2025-07-29 03:15,2025-07-29 20:08,Kavya,Medium,3,Bug Report,Web Form,Resolved,
742,TCK0729010,2025-07-29 03:24,2025-07-29 12:47,Ananya,Low,1,Payment Failure,Email,Resolved,
743,TCK0729011,2025-07-29 03:59,2025-07-29 23:42,Sneha,Low,6,Account Locked,Chat,Resolved,
744,TCK0729012,2025-07-29 04:05,,Rohit,Low,7,Account Locked,Web Form,Open,
745,TCK0729013,2025-07-29 05:20,,Kavya,Low,3,Bug Report,Email,Open,
746,TCK0729014,2025-07-29 06:30,2025-07-29 07:05,Sneha,Lw,4,Login Issue,Email,Resolved,
747,TCK0729015,2025-07-29 06:38,2025-07-30 16:31,Arjun,Low,1,Payment Failure,Phone,Resolved,
748,TCK0729016,2025-07-29 07:34,2025-07-30 03:49,Kavya,Medium,3,Bug Report,Email,Resolved,
749,TCK0729017,2025-07-29 07:53,2025-07-30 09:33,Rohit,Medium,4,Account Locked,Web Form,Resolved,
750,TCK0729018,2025-07-29 08:00,2025-07-29 13:42,Kavya,Medium,7,Bug Report,Phone,Resolved,
751,TCK0729019,2025-07-29 08:09,2025-07-29 11:35,Rohit,Medum,2,Account Locked,Email,Resolved,
752,TCK0729020,2025-07-29 08:13,,Arjun,Medium,8,Login Issue,Web Form,Open,
753,TCK0729021,2025-07-29 09:10,2025-07-29 21:36,Sneha,Medium,-999999,Feature Request,Chat,Resolved,
754,TCK0729022,2025-07-29 09:34,,Sneha,Medium,5,Account Locked,Phone,Open,
755,TCK0729023,2025-07-29 09:36,2025-07-29 16:07,Ananya,Hgh,-999999,Payment Failure,Chat,Resolved,
756,TCK0729024,2025-07-29 10:07,2025-07-30 07:58,Rohit,Lw,4,Login Issue,Web Form,Resolved,
757,TCK0729025,2025-07-29 10:56,2025-07-30 22:43,Arjun,Medum,6,Bug Report,Chat,Resolved,
758,TCK0730000,2025-07-30 00:13,2025-07-31 09:59,Rohit,Lw,-999999,Account Locked,Web Form,Resolved,
760,TCK0730001,2025-07-30 00:37,2025-07-30 03:43,Arjun,Medum,3,Feature Request,Phone,Resolved,
761,TCK0730002,2025-07-30 00:54,2025-07-30 03:28,Rohit,Low,-999999,Account Locked,Chat,Resolved,
762,TCK0730003,2025-07-30 01:49,,Kavya,Medium,5,Login Issue,Chat,Open,
763,TCK0730004,2025-07-30 03:07,2025-07-30 16:06,Rohit,Medium,7,Payment Failure,Web Form,Resolved,
764,TCK0730005,2025-07-30 03:08,2025-07-31 05:20,Sneha,High,8,Account Locked,Email,Resolved,
765,TCK0730006,2025-07-30 03:09,2025-07-30 04:23,Arjun,Low,2,Bug Report,Email,Resolved,
766,TCK0730007,2025-07-30 03:48,2025-07-31 08:08,Ananya,Medium,6,Account Locked,Phone,Resolved,
767,TCK0730008,2025-07-30 04:16,2025-07-30 08:06,Ananya,Medium,-999999,Login Issue,Email,Resolved,
768,TCK0730009,2025-07-30 04:22,2025-07-31 07:28,Rohit,Medum,2,Login Issue,Web Form,Resolved,
769,TCK0730010,2025-07-30 05:14,2025-07-31 00:45,Kavya,High,5,Payment Failure,Web Form,Resolved,
770,TCK0730011,2025-07-30 05:19,2025-07-30 21:20,Ananya,Medium,4,Payment Failure,Phone,Resolved,
771,TCK0730012,2025-07-30 05:19,2025-07-30 19:34,Arjun,Lw,2,Feature Request,Phone,Resolved,
773,TCK0730013,2025-07-30 05:43,2025-07-31 11:55,Ananya,Medium,3,Account Locked,Email,Resolved,
774,TCK0730014,2025-07-30 06:38,,Kavya,High,6,Payment Failure,Web Form,Open,
775,TCK0730015,2025-07-30 06:50,2025-07-31 10:38,Kavya,High,2,Payment Failure,Chat,Resolved,
776,TCK0730016,2025-07-30 07:31,2025-07-30 20:50,Kavya,Medium,7,Account Locked,Web Form,Resolved,
777,TCK0730017,2025-07-30 08:07,2025-07-31 02:41,Sneha,Lw,7,Feature Request,Email,Resolved,
778,TCK0730018,2025-07-30 08:18,2025-07-30 21:08,Arjun,High,6,Login Issue,Web Form,Resolved,
779,TCK0730019,2025-07-30 08:22,2025-07-31 00:05,Rohit,High,2,Login Issue,Chat,Resolved,
780,TCK0730020,2025-07-30 08:48,2025-07-30 10:39,Ananya,High,1,Bug Report,Chat,Resolved,
781,TCK0730021,2025-07-30 10:00,2025-07-30 12:05,Sneha,High,6,Account Locked,Chat,Resolved,
782,TCK0730022,2025-07-30 10:13,,Arjun,Medium,2,Feature Request,Email,Open,
783,TCK0730023,2025-07-30 10:30,2025-07-31 02:17,Ananya,Lw,-999999,Bug Report,Web Form,Resolved,
784,TCK0730024,2025-07-30 10:54,2025-07-30 12:22,Kavya,High,5,Login Issue,Phone,Resolved,
785,TCK0730025,2025-07-30 11:59,2025-07-30 15:00,Arjun,Low,-999999,Bug Report,Phone,Resolved,
786,TCK0731000,2025-07-31 00:39,2025-08-01 11:16,Kavya,Medum,5,Feature Request,Email,Resolved,
787,TCK0731001,2025-07-31 00:58,2025-07-31 14:25,Rohit,Medium,4,Login Issue,Email,Resolved,
788,TCK0731002,2025-07-31 01:47,2025-07-31 11:47,Sneha,Medium,-999999,Account Locked,Web Form,Resolved,
790,TCK0731003,2025-07-31 01:53,2025-08-01 07:09,Sneha,Low,8,Account Locked,Chat,Resolved,
791,TCK0731004,2025-07-31 02:32,2025-08-01 01:50,Ananya,Medium,6,Payment Failure,Email,Resolved,
792,TCK0731005,2025-07-31 02:36,2025-07-31 17:05,Arjun,Low,6,Account Locked,Chat,Resolved,
793,TCK0731006,2025-07-31 03:32,2025-07-31 07:49,Ananya,Low,1,Login Issue,Chat,Resolved,
794,TCK0731007,2025-07-31 04:19,2025-07-31 13:40,Ananya,Low,8,Login Issue,Email,Resolved,
795,TCK0731008,2025-07-31 06:33,2025-08-01 07:09,Ananya,Medium,4,Bug Report,Web Form,Resolved,
796,TCK0731009,2025-07-31 07:20,2025-07-31 14:52,Rohit,High,-999999,Feature Request,Phone,Resolved,
797,TCK0731010,2025-07-31 07:25,2025-08-01 03:04,Arjun,Lw,4,Account Locked,Web Form,Escalated,
799,TCK0731011,2025-07-31 08:15,2025-07-31 23:08,Ananya,High,8,Payment Failure,Email,Escalated,
800,TCK0731012,2025-07-31 08:18,2025-08-01 07:55,Arjun,Low,4,Bug Report,Web Form,Resolved,
801,TCK0731013,2025-07-31 08:51,,Sneha,High,2,Login Issue,Phone,Open,
802,TCK0731014,2025-07-31 09:32,2025-08-01 04:36,Arjun,Medium,-999999,Login Issue,Web Form,Resolved,
803,TCK0731015,2025-07-31 09:34,2025-08-01 09:03,Kavya,Medum,-999999,Login Issue,Web Form,Resolved,
804,TCK0731016,2025-07-31 10:26,2025-08-01 09:31,Kavya,Medium,5,Account Locked,Chat,Resolved,
805,TCK0731017,2025-07-31 10:52,2025-08-01 21:43,Rohit,Low,7,Feature Request,Chat,Escalated,
806,TCK0731018,2025-07-31 11:38,2025-08-01 12:57,Kavya,Medium,7,Payment Failure,Web Form,Resolved,
807,TCK0731019,2025-07-31 11:38,2025-07-31 20:41,Arjun,Medum,7,Bug Report,Web Form,Resolved,
808,TCK0731020,2025-07-31 11:41,,Rohit,Medium,7,Account Locked,Phone,Open,
809,TCK0731021,2025-07-31 11:59,2025-07-31 15:46,Kavya,Hgh,1,Feature Request,Web Form,Resolved,)
